"avg_suicide","year"
251.7721354166666667,1990
260.1965811965811966,1995
247.8992248062015504,2000
232.5148809523809524,2005
226.0435606060606061,2010
273.7096774193548387,2015
