"avg_male_suicide","avg_female_suicide","year"
373.0286458333333333,130.5156250000000000,1990
403.9316239316239316,116.4615384615384615,1995
388.7170542635658915,107.0813953488372093,2000
361.7857142857142857,103.2440476190476190,2005
349.3939393939393939,102.6931818181818182,2010
420.4086021505376344,127.0107526881720430,2015
