"region","total_sales","total_profit","profit_prcnt"
"West",725514,108386,14.93920172457044247300
"East",678834,91521,13.48208840452894227500
"Central",501256,39719,7.92389517531959717200
"South",391750,46721,11.92622846202935545600
